cycle,range_bin,doppler_bin,output_hex
1039185000,0,0,fecffffd
1039195000,0,1,00490106
1039205000,0,2,0099fee3
1039215000,0,3,00ab018c
1039225000,0,4,fda2fe25
1039235000,0,5,02cf021e
1039245000,0,6,fe15ff71
1039255000,0,7,0096ff0e
1039265000,0,8,ffcd0024
1039275000,0,9,00400076
1039285000,0,10,ff66ff1c
1039295000,0,11,009a03b9
1039305000,0,12,00a7fc43
1039315000,0,13,ff0e0086
1039325000,0,14,00d0ffc2
1039335000,0,15,00460064
1039345000,0,16,ff8dffb5
1039355000,0,17,007d00ce
1039365000,0,18,fdc10089
1039375000,0,19,01f7fed6
1039385000,0,20,ff240031
1039395000,0,21,00f5ffa2
1039405000,0,22,ff27ffc3
1039415000,0,23,fe22007a
1039425000,0,24,05b700a2
1039435000,0,25,fbf2ffd6
1039445000,0,26,00bcff90
1039455000,0,27,ffb40041
1039465000,0,28,00abfecf
1039475000,0,29,ff260112
1039485000,0,30,ffa0fff2
1039495000,0,31,0102ff60
1044575000,1,0,fdfffe5e
1044585000,1,1,0244ffc0
1044595000,1,2,ffed0218
1044605000,1,3,ff51ff13
1044615000,1,4,00ceff1c
1044625000,1,5,ff73006a
1044635000,1,6,0003ffdd
1044645000,1,7,00000166
1044655000,1,8,fe7cfe62
1044665000,1,9,02280143
1044675000,1,10,ff13ff4c
1044685000,1,11,ff1500d4
1044695000,1,12,02ceffa1
1044705000,1,13,fd69fe58
1044715000,1,14,00ff00ce
1044725000,1,15,016a0173
1044735000,1,16,fdbdfebe
1044745000,1,17,0160ffc0
1044755000,1,18,fd57014c
1044765000,1,19,02630009
1044775000,1,20,ff64ff3e
1044785000,1,21,ff95ffee
1044795000,1,22,018b00e1
1044805000,1,23,ff10fe12
1044815000,1,24,019c02aa
1044825000,1,25,fdd0fdb9
1044835000,1,26,015501e4
1044845000,1,27,fefbfdfc
1044855000,1,28,00c401ad
1044865000,1,29,ff7bfebc
1044875000,1,30,017f0020
1044885000,1,31,feea0131
1049965000,2,0,0013ffb4
1049975000,2,1,0137ff61
1049985000,2,2,ff8201d7
1049995000,2,3,fee2fee0
1050005000,2,4,001dfefc
1050015000,2,5,02750214
1050025000,2,6,fe2dfe3b
1050035000,2,7,00b000b9
1050045000,2,8,fe3fff3e
1050055000,2,9,024601af
1050065000,2,10,ff1bff4b
1050075000,2,11,ff77ffeb
1050085000,2,12,01b600b5
1050095000,2,13,fdfefdfd
1050105000,2,14,020400f0
1050115000,2,15,fea00062
1050125000,2,16,ffcffefe
1050135000,2,17,013900e9
1050145000,2,18,fd34ffd3
1050155000,2,19,0276fff2
1050165000,2,20,006fffa2
1050175000,2,21,fe550052
1050185000,2,22,010d01b3
1050195000,2,23,ff22fd19
1050205000,2,24,01530320
1050215000,2,25,fea6fd57
1050225000,2,26,00f70103
1050235000,2,27,fe75fe9b
1050245000,2,28,02120235
1050255000,2,29,ff04fecd
1050265000,2,30,0122ffd2
1050275000,2,31,fe3200b4
1055355000,3,0,021e0010
1055365000,3,1,00280005
1055375000,3,2,ff920048
1055385000,3,3,ffd70070
1055395000,3,4,fe5a0055
1055405000,3,5,04b1ff66
1055415000,3,6,fbbe0047
1055425000,3,7,027a0012
1055435000,3,8,fe19004d
1055445000,3,9,012cff0d
1055455000,3,10,ff85012a
1055465000,3,11,0000ffd2
1055475000,3,12,00abfe13
1055485000,3,13,ff1f00ac
1055495000,3,14,01ec00c6
1055505000,3,15,fd9e002c
1055515000,3,16,01e4ffe2
1055525000,3,17,fe5800b3
1055535000,3,18,0040ff12
1055545000,3,19,ffefffca
1055555000,3,20,01740047
1055565000,3,21,fe6bff96
1055575000,3,22,00e600d9
1055585000,3,23,fefeff2a
1055595000,3,24,024d00d5
1055605000,3,25,fd80ff83
1055615000,3,26,00e1ffcc
1055625000,3,27,00a200e0
1055635000,3,28,fe9fff55
1055645000,3,29,01e90040
1055655000,3,30,00580052
1055665000,3,31,fc92fedc
1060745000,4,0,00d201f8
1060755000,4,1,ff46fead
1060765000,4,2,00b7ff8a
1060775000,4,3,0058010b
1060785000,4,4,fd3a00ac
1060795000,4,5,0462fe92
1060805000,4,6,fc84006f
1060815000,4,7,015c00d0
1060825000,4,8,ff91ff77
1060835000,4,9,fffd0021
1060845000,4,10,ff6effcc
1060855000,4,11,00b00162
1060865000,4,12,011ffd13
1060875000,4,13,fe630179
1060885000,4,14,00d40060
1060895000,4,15,0084ff96
1060905000,4,16,ffc00066
1060915000,4,17,fe880013
1060925000,4,18,ffd7000e
1060935000,4,19,012eff3f
1060945000,4,20,000a008c
1060955000,4,21,ff84ffb4
1060965000,4,22,00c001af
1060975000,4,23,fe5afde6
1060985000,4,24,048901b7
1060995000,4,25,fc21fea3
1061005000,4,26,0070ffb4
1061015000,4,27,002e00c4
1061025000,4,28,0071fee9
1061035000,4,29,ffab0245
1061045000,4,30,009cfefa
1061055000,4,31,fee2fe6c
1066135000,5,0,005f00dd
1066145000,5,1,ff99ffa7
1066155000,5,2,ffe3ff72
1066165000,5,3,002300ec
1066175000,5,4,ffcc002f
1066185000,5,5,008c001d
1066195000,5,6,ff63ffc5
1066205000,5,7,ff6cffa1
1066215000,5,8,01b3ffb6
1066225000,5,9,fe9f001b
1066235000,5,10,00370119
1066245000,5,11,012f0000
1066255000,5,12,fe7cfd5a
1066265000,5,13,0102031b
1066275000,5,14,ff8ffd90
1066285000,5,15,003f01da
1066295000,5,16,0023fe03
1066305000,5,17,002f0255
1066315000,5,18,fec9fec4
1066325000,5,19,00eb0020
1066335000,5,20,fe3200bf
1066345000,5,21,01b0fd65
1066355000,5,22,ffef0207
1066365000,5,23,fefa012d
1066375000,5,24,0283ff66
1066385000,5,25,fe59fe45
1066395000,5,26,00dd017d
1066405000,5,27,feefffcc
1066415000,5,28,001effdc
1066425000,5,29,009afee7
1066435000,5,30,fe5f0238
1066445000,5,31,0147fe20
1071525000,6,0,fe63009c
1071535000,6,1,021efed6
1071545000,6,2,ff0d0187
1071555000,6,3,007bfe02
1071565000,6,4,fedd00b4
1071575000,6,5,027a012e
1071585000,6,6,fe6bffa0
1071595000,6,7,0020fed4
1071605000,6,8,ff3d01fe
1071615000,6,9,017cfea4
1071625000,6,10,ff5c0055
1071635000,6,11,ff2cfeea
1071645000,6,12,011f003e
1071655000,6,13,ff080080
1071665000,6,14,012fffea
1071675000,6,15,fff500da
1071685000,6,16,fea1fed4
1071695000,6,17,029000c8
1071705000,6,18,fdef0009
1071715000,6,19,ff53ff58
1071725000,6,20,00f10054
1071735000,6,21,fec4ffa6
1071745000,6,22,01e3ff3c
1071755000,6,23,ff18018a
1071765000,6,24,006f0006
1071775000,6,25,0032005e
1071785000,6,26,001cfde3
1071795000,6,27,ff5a0368
1071805000,6,28,0103fd9e
1071815000,6,29,fe0effa4
1071825000,6,30,023fffba
1071835000,6,31,feff00e4
1076915000,7,0,009f015d
1076925000,7,1,ff86010d
1076935000,7,2,ff79ff42
1076945000,7,3,004afffc
1076955000,7,4,fec40005
1076965000,7,5,0360ff6d
1076975000,7,6,fcd3009f
1076985000,7,7,0102ff56
1076995000,7,8,ffe70078
1077005000,7,9,ff3effb2
1077015000,7,10,01d5ffcf
1077025000,7,11,000a0316
1077035000,7,12,ff4afb85
1077045000,7,13,001501db
1077055000,7,14,ff4eff95
1077065000,7,15,003e00bf
1077075000,7,16,0023fd83
1077085000,7,17,ff1e01b1
1077095000,7,18,009f0186
1077105000,7,19,00b4ff18
1077115000,7,20,fe46ff37
1077125000,7,21,020600f1
1077135000,7,22,fde5ff77
1077145000,7,23,01a8fffa
1077155000,7,24,00630048
1077165000,7,25,fea20064
1077175000,7,26,016f0005
1077185000,7,27,fd64ff1a
1077195000,7,28,02e8010f
1077205000,7,29,fe01fe0b
1077215000,7,30,00c60359
1077225000,7,31,003cfc85
1082305000,8,0,00f7ffe4
1082315000,8,1,0097ffaf
1082325000,8,2,ff8001a2
1082335000,8,3,00abff22
1082345000,8,4,fd8a0096
1082355000,8,5,04e00049
1082365000,8,6,fc07004f
1082375000,8,7,00c2fdbd
1082385000,8,8,00cb0109
1082395000,8,9,feea0125
1082405000,8,10,00cbfd2b
1082415000,8,11,fef60569
1082425000,8,12,01e7fb98
1082435000,8,13,fe870053
1082445000,8,14,00830069
1082455000,8,15,ff550015
1082465000,8,16,0189ffdc
1082475000,8,17,ff150173
1082485000,8,18,ff5afe96
1082495000,8,19,00fd017a
1082505000,8,20,ff62fdf2
1082515000,8,21,ffec00f5
1082525000,8,22,001d0093
1082535000,8,23,ff66fd43
1082545000,8,24,0175042f
1082555000,8,25,ffe2fdb5
1082565000,8,26,ffb700dd
1082575000,8,27,ffdafe9f
1082585000,8,28,00550198
1082595000,8,29,ffcdfe9b
1082605000,8,30,01050175
1082615000,8,31,fd83fe6f
1087695000,9,0,0202ffd4
1087705000,9,1,feb8ffee
1087715000,9,2,feda0030
1087725000,9,3,039bff87
1087735000,9,4,fd7000e5
1087745000,9,5,ffd6ff7a
1087755000,9,6,ff2b0101
1087765000,9,7,02e3ffb0
1087775000,9,8,fde5fe52
1087785000,9,9,019a0208
1087795000,9,10,feaefead
1087805000,9,11,ff5c0120
1087815000,9,12,01d9fec7
1087825000,9,13,fe36006e
1087835000,9,14,0075001c
1087845000,9,15,016c002a
1087855000,9,16,fe6e003a
1087865000,9,17,0292ff7e
1087875000,9,18,fc8800bc
1087885000,9,19,016dffc7
1087895000,9,20,009cffa3
1087905000,9,21,fe62ffc4
1087915000,9,22,01b5ffcd
1087925000,9,23,fe8300a2
1087935000,9,24,015b0080
1087945000,9,25,0048ff18
1087955000,9,26,ff88016b
1087965000,9,27,ff24fdf6
1087975000,9,28,02cb01a1
1087985000,9,29,fd06ff00
1087995000,9,30,0123ff92
1088005000,9,31,fe960098
1093085000,10,0,02f6feee
1093095000,10,1,ffb100cc
1093105000,10,2,fed80091
1093115000,10,3,0126fec2
1093125000,10,4,fef80071
1093135000,10,5,01d70194
1093145000,10,6,fe7dfea7
1093155000,10,7,011c001b
1093165000,10,8,fecdff98
1093175000,10,9,00a7015e
1093185000,10,10,ff8efdcf
1093195000,10,11,ff1a0294
1093205000,10,12,02c1fd8c
1093215000,10,13,fd940127
1093225000,10,14,01faff55
1093235000,10,15,ff830070
1093245000,10,16,feb40036
1093255000,10,17,014900ee
1093265000,10,18,fde2fe97
1093275000,10,19,01acffae
1093285000,10,20,00580181
1093295000,10,21,ff6dfed4
1093305000,10,22,0059ffb5
1093315000,10,23,ff0effed
1093325000,10,24,ff7902dc
1093335000,10,25,026bfce8
1093345000,10,26,feac01d9
1093355000,10,27,ffe4fe28
1093365000,10,28,01d7024a
1093375000,10,29,fdfcfdb1
1093385000,10,30,016400ff
1093395000,10,31,fca3003c
1098475000,11,0,0288ff37
1098485000,11,1,fef200c3
1098495000,11,2,0020fef0
1098505000,11,3,00000175
1098515000,11,4,fea8feef
1098525000,11,5,01fa0242
1098535000,11,6,0038ff0c
1098545000,11,7,fee3ff18
1098555000,11,8,009e0080
1098565000,11,9,fee70065
1098575000,11,10,01c1ff2a
1098585000,11,11,fd7e0078
1098595000,11,12,01d9ff9c
1098605000,11,13,00d2ff90
1098615000,11,14,fd5e01ae
1098625000,11,15,037afe31
1098635000,11,16,fd440153
1098645000,11,17,011a0053
1098655000,11,18,fe00ff0a
1098665000,11,19,03400009
1098675000,11,20,fea0ffc3
1098685000,11,21,fefa0034
1098695000,11,22,0120016e
1098705000,11,23,ff61fde4
1098715000,11,24,00b2014e
1098725000,11,25,ffa9ff9d
1098735000,11,26,00dbff50
1098745000,11,27,fea600aa
1098755000,11,28,011bffda
1098765000,11,29,ff5600c2
1098775000,11,30,0186ffa4
1098785000,11,31,fcd6ff93
1103865000,12,0,0178004b
1103875000,12,1,ff95ffc0
1103885000,12,2,00b1ffd4
1103895000,12,3,ff920152
1103905000,12,4,fe90006b
1103915000,12,5,04b7fe4f
1103925000,12,6,fc2b016d
1103935000,12,7,00d7fed9
1103945000,12,8,ff7e0071
1103955000,12,9,00120051
1103965000,12,10,0092fe5b
1103975000,12,11,ffa8041f
1103985000,12,12,0075fbaf
1103995000,12,13,00750112
1104005000,12,14,fea10110
1104015000,12,15,0192fdd8
1104025000,12,16,ff00022b
1104035000,12,17,00b10052
1104045000,12,18,fe05fdec
1104055000,12,19,0208016e
1104065000,12,20,0014ff7b
1104075000,12,21,fe5fff33
1104085000,12,22,00ff01cb
1104095000,12,23,fed5ff49
1104105000,12,24,0242fff9
1104115000,12,25,fe20ff45
1104125000,12,26,015800b1
1104135000,12,27,feea00cd
1104145000,12,28,0187fe33
1104155000,12,29,feed0104
1104165000,12,30,00ed0094
1104175000,12,31,fd76feca
1109255000,13,0,000b016f
1109265000,13,1,01b9fe6e
1109275000,13,2,fe09014e
1109285000,13,3,00e10103
1109295000,13,4,feefff82
1109305000,13,5,01e8ff55
1109315000,13,6,0049019d
1109325000,13,7,fd64fd31
1109335000,13,8,0215023f
1109345000,13,9,ff42fdfa
1109355000,13,10,00780187
1109365000,13,11,006effcb
1109375000,13,12,fe04ffca
1109385000,13,13,020cff43
1109395000,13,14,fe32010b
1109405000,13,15,017dfec2
1109415000,13,16,004b014d
1109425000,13,17,ff39ff1c
1109435000,13,18,ff390156
1109445000,13,19,00adff0b
1109455000,13,20,ff77fee4
1109465000,13,21,00080249
1109475000,13,22,0099fde9
1109485000,13,23,fed00177
1109495000,13,24,0229fec1
1109505000,13,25,ff50034c
1109515000,13,26,ff76fbad
1109525000,13,27,ff840257
1109535000,13,28,00c200a4
1109545000,13,29,0038fec7
1109555000,13,30,004c00e7
1109565000,13,31,fec7fe0e
1114645000,14,0,fe8b003f
1114655000,14,1,026cff41
1114665000,14,2,fe36015f
1114675000,14,3,01100024
1114685000,14,4,fef1ff89
1114695000,14,5,02700044
1114705000,14,6,fe44ffde
1114715000,14,7,ff4c00d6
1114725000,14,8,01cffdfd
1114735000,14,9,ff2d000a
1114745000,14,10,ff4c0119
1114755000,14,11,00960166
1114765000,14,12,010dfe0e
1114775000,14,13,fe65ffac
1114785000,14,14,005c003f
1114795000,14,15,0233ffc0
1114805000,14,16,fcd70049
1114815000,14,17,028200bd
1114825000,14,18,fe94003d
1114835000,14,19,feb2fe62
1114845000,14,20,02d100eb
1114855000,14,21,fcccffb8
1114865000,14,22,02200046
1114875000,14,23,ff00fea8
1114885000,14,24,00ef0183
1114895000,14,25,ff81006c
1114905000,14,26,008e001f
1114915000,14,27,ffa8ff80
1114925000,14,28,0129ffae
1114935000,14,29,fd8bff9c
1114945000,14,30,017400e1
1114955000,14,31,ffc9ff4e
1120035000,15,0,0179feb7
1120045000,15,1,ffb900c8
1120055000,15,2,003aff52
1120065000,15,3,005200e2
1120075000,15,4,fe24ff66
1120085000,15,5,020d0091
1120095000,15,6,fe0800eb
1120105000,15,7,0156ff42
1120115000,15,8,ff66fff7
1120125000,15,9,007a0005
1120135000,15,10,ff67fe42
1120145000,15,11,00d50277
1120155000,15,12,fff6ffad
1120165000,15,13,ff17fe98
1120175000,15,14,00b8ffdb
1120185000,15,15,ffa5020f
1120195000,15,16,00d9fe83
1120205000,15,17,fe97ff4a
1120215000,15,18,000c0268
1120225000,15,19,0148fe74
1120235000,15,20,feb40188
1120245000,15,21,0099fdf1
1120255000,15,22,ff5c0151
1120265000,15,23,00d4ff5c
1120275000,15,24,00c8fff3
1120285000,15,25,fe9a0119
1120295000,15,26,0287fec4
1120305000,15,27,fcf9ffa7
1120315000,15,28,018a0231
1120325000,15,29,ff77fcde
1120335000,15,30,00880359
1120345000,15,31,fe81fe97
1125425000,16,0,019900ad
1125435000,16,1,fff70072
1125445000,16,2,ffecff92
1125455000,16,3,001affc5
1125465000,16,4,fde50029
1125475000,16,5,03e3010f
1125485000,16,6,fca1ff28
1125495000,16,7,01240095
1125505000,16,8,006efeec
1125515000,16,9,ffa70065
1125525000,16,10,0055ff1a
1125535000,16,11,ffba044b
1125545000,16,12,009ffb2c
1125555000,16,13,feef00d6
1125565000,16,14,004c00e2
1125575000,16,15,01d0ff1b
1125585000,16,16,fda3006b
1125595000,16,17,026900b0
1125605000,16,18,fd4aff2e
1125615000,16,19,003200eb
1125625000,16,20,0157fef9
1125635000,16,21,fecfff87
1125645000,16,22,011101be
1125655000,16,23,fd6cfdc9
1125665000,16,24,052e02a4
1125675000,16,25,fc01ff2d
1125685000,16,26,0125ff5e
1125695000,16,27,00aaffbd
1125705000,16,28,ff6d0062
1125715000,16,29,fecfff10
1125725000,16,30,00e20278
1125735000,16,31,fec8fdcf
1130815000,17,0,016900ab
1130825000,17,1,0176ffad
1130835000,17,2,fd7dfee7
1130845000,17,3,01c701c3
1130855000,17,4,fe97003b
1130865000,17,5,015e0019
1130875000,17,6,fe0cfe29
1130885000,17,7,02ca00c7
1130895000,17,8,fd71ff94
1130905000,17,9,01870097
1130915000,17,10,0039ff8d
1130925000,17,11,fefa015f
1130935000,17,12,00d9ff4c
1130945000,17,13,febfff82
1130955000,17,14,016b004f
1130965000,17,15,ff47ff75
1130975000,17,16,ff1d00e7
1130985000,17,17,01f4feb9
1130995000,17,18,fee70209
1131005000,17,19,ff29ff4b
1131015000,17,20,01fffebf
1131025000,17,21,fdce005f
1131035000,17,22,022c0047
1131045000,17,23,fe7a00c5
1131055000,17,24,009d004a
1131065000,17,25,005bfef7
1131075000,17,26,001f00fb
1131085000,17,27,fef2fe77
1131095000,17,28,008d019a
1131105000,17,29,ffd1fe3a
1131115000,17,30,02710089
1131125000,17,31,fc31ffe3
1136205000,18,0,00a5fea8
1136215000,18,1,fe710056
1136225000,18,2,02bdffb2
1136235000,18,3,fde8011a
1136245000,18,4,feb6ff42
1136255000,18,5,04a0016a
1136265000,18,6,fbeefef5
1136275000,18,7,01e2007e
1136285000,18,8,feb6ffb4
1136295000,18,9,00b0fff5
1136305000,18,10,ffe1ff7b
1136315000,18,11,003301b5
1136325000,18,12,00a0ff2c
1136335000,18,13,ff27fdd0
1136345000,18,14,005201f7
1136355000,18,15,012f002e
1136365000,18,16,fe97febc
1136375000,18,17,003301e2
1136385000,18,18,fe5dfec8
1136395000,18,19,021e0118
1136405000,18,20,ff26fe9e
1136415000,18,21,00120040
1136425000,18,22,00b400b5
1136435000,18,23,ff12ffb0
1136445000,18,24,03020004
1136455000,18,25,fc1cff33
1136465000,18,26,01ad00cb
1136475000,18,27,ff43ff91
1136485000,18,28,00b80110
1136495000,18,29,ff8ffe3e
1136505000,18,30,011c01e7
1136515000,18,31,fea9ff94
1141595000,19,0,011eff14
1141605000,19,1,ff72016f
1141615000,19,2,0153ffde
1141625000,19,3,ffd1010e
1141635000,19,4,fd5afdab
1141645000,19,5,040f0275
1141655000,19,6,fe08fef6
1141665000,19,7,0006febe
1141675000,19,8,ff8c019b
1141685000,19,9,00ca0024
1141695000,19,10,ffeffe8c
1141705000,19,11,0034023e
1141715000,19,12,fe2cfd80
1141725000,19,13,01ad00f9
1141735000,19,14,002cffa6
1141745000,19,15,00a20079
1141755000,19,16,feb80016
1141765000,19,17,006a0069
1141775000,19,18,ffa5feb0
1141785000,19,19,ffb3017c
1141795000,19,20,00aeff4f
1141805000,19,21,fedbffed
1141815000,19,22,01e00010
1141825000,19,23,fe2cfe84
1141835000,19,24,02160383
1141845000,19,25,fe52fc1c
1141855000,19,26,0029028a
1141865000,19,27,0148fffc
1141875000,19,28,ff3c005e
1141885000,19,29,ffc9fe1d
1141895000,19,30,014400b0
1141905000,19,31,fd84ffd1
1146985000,20,0,0158018d
1146995000,20,1,ffa8ff43
1147005000,20,2,fe16fee3
1147015000,20,3,02970243
1147025000,20,4,fe5dff3e
1147035000,20,5,012bff44
1147045000,20,6,fed500d5
1147055000,20,7,012c001e
1147065000,20,8,ff01fe88
1147075000,20,9,ff8c024f
1147085000,20,10,0076fe50
1147095000,20,11,009a00ed
1147105000,20,12,ff3cff33
1147115000,20,13,0058ff8b
1147125000,20,14,01240194
1147135000,20,15,ffbefe76
1147145000,20,16,ff580129
1147155000,20,17,003e00dd
1147165000,20,18,fddefd0b
1147175000,20,19,02130255
1147185000,20,20,ff3dfefc
1147195000,20,21,ffd1ffb0
1147205000,20,22,01430253
1147215000,20,23,fe16fdfe
1147225000,20,24,045f013e
1147235000,20,25,fc8eff0d
1147245000,20,26,0076fff6
1147255000,20,27,ff50ff8b
1147265000,20,28,0152006f
1147275000,20,29,001c00bd
1147285000,20,30,fe6cffb8
1147295000,20,31,003cfea6
1152375000,21,0,ff3802d8
1152385000,21,1,ff5bfe70
1152395000,21,2,01790009
1152405000,21,3,ffb0006f
1152415000,21,4,fe3901a9
1152425000,21,5,02cefe8f
1152435000,21,6,fe7affac
1152445000,21,7,00b80090
1152455000,21,8,ff32fe95
1152465000,21,9,002f026a
1152475000,21,10,0001fd70
1152485000,21,11,000403f0
1152495000,21,12,00a4fabf
1152505000,21,13,ff25027e
1152515000,21,14,00ea0068
1152525000,21,15,ffc8ff10
1152535000,21,16,ff940092
1152545000,21,17,004b004e
1152555000,21,18,fedb0079
1152565000,21,19,00d2ff89
1152575000,21,20,0021fe7f
1152585000,21,21,ff4c0021
1152595000,21,22,011600f6
1152605000,21,23,fef80130
1152615000,21,24,00feff51
1152625000,21,25,ff63ff48
1152635000,21,26,000300aa
1152645000,21,27,014affd8
1152655000,21,28,feae0049
1152665000,21,29,0001fe62
1152675000,21,30,001602ba
1152685000,21,31,00b0fc90
1157765000,22,0,0011fe96
1157775000,22,1,0232fe8b
1157785000,22,2,fdd501e1
1157795000,22,3,013cfe73
1157805000,22,4,fe1901e8
1157815000,22,5,037eff04
1157825000,22,6,fde3006c
1157835000,22,7,014e004a
1157845000,22,8,fda8ff70
1157855000,22,9,01afffe9
1157865000,22,10,ff5bfeaf
1157875000,22,11,fea501b9
1157885000,22,12,02b1ff65
1157895000,22,13,fece00dc
1157905000,22,14,001dfe87
1157915000,22,15,009a014f
1157925000,22,16,ff69ff90
1157935000,22,17,ffeafe6d
1157945000,22,18,ff110345
1157955000,22,19,008cfdd5
1157965000,22,20,0107000c
1157975000,22,21,fdec0132
1157985000,22,22,025ffe62
1157995000,22,23,fdf200ca
1158005000,22,24,01aa0052
1158015000,22,25,ff6d003b
1158025000,22,26,0073ffaf
1158035000,22,27,ffa7001b
1158045000,22,28,0043fff7
1158055000,22,29,ffa0ffe2
1158065000,22,30,015dfe2f
1158075000,22,31,fdb20331
1163155000,23,0,ff9c014a
1163165000,23,1,fff7ff14
1163175000,23,2,007d0198
1163185000,23,3,feddff1a
1163195000,23,4,00a3ffd3
1163205000,23,5,0040022d
1163215000,23,6,000dfd1f
1163225000,23,7,fec2028b
1163235000,23,8,0139fda6
1163245000,23,9,00350134
1163255000,23,10,fec10025
1163265000,23,11,020b0083
1163275000,23,12,feb8ff81
1163285000,23,13,ff92ff40
1163295000,23,14,0158feee
1163305000,23,15,ffc702a6
1163315000,23,16,fe9cfdb4
1163325000,23,17,02430244
1163335000,23,18,fe4dfea0
1163345000,23,19,feb10058
1163355000,23,20,0245ff81
1163365000,23,21,fe5a000f
1163375000,23,22,014b01b9
1163385000,23,23,0034fd85
1163395000,23,24,00570164
1163405000,23,25,ffddfe90
1163415000,23,26,fe210303
1163425000,23,27,020ffccb
1163435000,23,28,fe38012b
1163445000,23,29,00e0ffd0
1163455000,23,30,00140212
1163465000,23,31,0033fce2
1168545000,24,0,ffdd007b
1168555000,24,1,011e003c
1168565000,24,2,fe900088
1168575000,24,3,026cfef4
1168585000,24,4,fb35ffe1
1168595000,24,5,06980076
1168605000,24,6,fc040045
1168615000,24,7,010c0030
1168625000,24,8,ff51feea
1168635000,24,9,ff5301be
1168645000,24,10,00e7fc9c
1168655000,24,11,00e10487
1168665000,24,12,ff10fca0
1168675000,24,13,00dd0033
1168685000,24,14,ff56012f
1168695000,24,15,0044ff6a
1168705000,24,16,ffebff9b
1168715000,24,17,ff9a0048
1168725000,24,18,fe94003e
1168735000,24,19,01e400ea
1168745000,24,20,ff1dfe55
1168755000,24,21,003e0012
1168765000,24,22,00ea0249
1168775000,24,23,fd9efc26
1168785000,24,24,02f703d0
1168795000,24,25,fec1ff12
1168805000,24,26,ff950026
1168815000,24,27,009ffe9f
1168825000,24,28,002e00c2
1168835000,24,29,fe81ff49
1168845000,24,30,01fc0173
1168855000,24,31,fec2fec4
1173935000,25,0,028bff8e
1173945000,25,1,ff900107
1173955000,25,2,ffdbff50
1173965000,25,3,008b00ce
1173975000,25,4,fd8c0034
1173985000,25,5,033bfef8
1173995000,25,6,fd5301b2
1174005000,25,7,010aff87
1174015000,25,8,0039ff6f
1174025000,25,9,00810019
1174035000,25,10,ffcefed2
1174045000,25,11,fea10356
1174055000,25,12,01bffaf4
1174065000,25,13,feaa0359
1174075000,25,14,ffdc006d
1174085000,25,15,0121ff0d
1174095000,25,16,000100c0
1174105000,25,17,feb6ff11
1174115000,25,18,00a7002e
1174125000,25,19,00d10030
1174135000,25,20,ff340088
1174145000,25,21,ffcdff22
1174155000,25,22,00cd0160
1174165000,25,23,fe22fe37
1174175000,25,24,039b01e7
1174185000,25,25,fd55fd6f
1174195000,25,26,00f00208
1174205000,25,27,ff5bff74
1174215000,25,28,01510014
1174225000,25,29,fed2005d
1174235000,25,30,01e4fff1
1174245000,25,31,fc6bfecd
1179325000,26,0,0038fe21
1179335000,26,1,00f90100
1179345000,26,2,fe9800b6
1179355000,26,3,01a5fdf5
1179365000,26,4,fd9a0176
1179375000,26,5,024a0190
1179385000,26,6,fefffe42
1179395000,26,7,00420167
1179405000,26,8,0008fdb2
1179415000,26,9,ff370348
1179425000,26,10,017cfcc8
1179435000,26,11,fe63022f
1179445000,26,12,02befe39
1179455000,26,13,fd35016f
1179465000,26,14,00fffd91
1179475000,26,15,019b0283
1179485000,26,16,fd18ffbd
1179495000,26,17,02b30050
1179505000,26,18,fd2cfe52
1179515000,26,19,011d007f
1179525000,26,20,0114007c
1179535000,26,21,fefa0062
1179545000,26,22,00ebff84
1179555000,26,23,febcff3f
1179565000,26,24,011c0214
1179575000,26,25,0055fdc4
1179585000,26,26,febc001c
1179595000,26,27,ffcb005d
1179605000,26,28,01900151
1179615000,26,29,fe5ffe73
1179625000,26,30,01bb014d
1179635000,26,31,fe57fff7
1184715000,27,0,01a40066
1184725000,27,1,ff690171
1184735000,27,2,ffbffef8
1184745000,27,3,002c013d
1184755000,27,4,febe001c
1184765000,27,5,02b6ffb8
1184775000,27,6,fe12001d
1184785000,27,7,ffcbfec0
1184795000,27,8,011a015b
1184805000,27,9,000fff9f
1184815000,27,10,ffacfe53
1184825000,27,11,000e027a
1184835000,27,12,ff40fe8d
1184845000,27,13,01bf006d
1184855000,27,14,fcd4fef7
1184865000,27,15,02f000da
1184875000,27,16,feaeffd4
1184885000,27,17,00ef0149
1184895000,27,18,fe41fde6
1184905000,27,19,00ec01f5
1184915000,27,20,0026feb2
1184925000,27,21,fea600f6
1184935000,27,22,0232ffb9
1184945000,27,23,feb7fe60
1184955000,27,24,006002eb
1184965000,27,25,ffe1fdd3
1184975000,27,26,009c016b
1184985000,27,27,feaeff70
1184995000,27,28,0188fff5
1185005000,27,29,fee50099
1185015000,27,30,01680157
1185025000,27,31,fe32fc7a
1190105000,28,0,0298013a
1190115000,28,1,fdd0fe5e
1190125000,28,2,01de01dd
1190135000,28,3,feffff65
1190145000,28,4,fecfff5b
1190155000,28,5,04120065
1190165000,28,6,fbe400df
1190175000,28,7,016dffc8
1190185000,28,8,0028fe97
1190195000,28,9,ff6201de
1190205000,28,10,fffcfe12
1190215000,28,11,02380420
1190225000,28,12,fd64fa76
1190235000,28,13,0177021b
1190245000,28,14,ff4400a8
1190255000,28,15,00bffed6
1190265000,28,16,ff620190
1190275000,28,17,01d00018
1190285000,28,18,fd78fe05
1190295000,28,19,00390159
1190305000,28,20,0101ff67
1190315000,28,21,fe9cffdb
1190325000,28,22,01420001
1190335000,28,23,fdcd010a
1190345000,28,24,04f6007b
1190355000,28,25,fcbafeac
1190365000,28,26,0002ff50
1190375000,28,27,00e0023e
1190385000,28,28,ff1cfd54
1190395000,28,29,001f012d
1190405000,28,30,009a00dc
1190415000,28,31,fdf7fea4
1195495000,29,0,ffcdff59
1195505000,29,1,0117ffa5
1195515000,29,2,ff73013e
1195525000,29,3,ffefff12
1195535000,29,4,ff8c01b9
1195545000,29,5,0136ff2d
1195555000,29,6,ff4bfe8e
1195565000,29,7,ffff0246
1195575000,29,8,ff4bfef1
1195585000,29,9,009bff6c
1195595000,29,10,00bf0108
1195605000,29,11,ff130087
1195615000,29,12,001cff3f
1195625000,29,13,001bfe45
1195635000,29,14,00fe01ce
1195645000,29,15,ffe6fe50
1195655000,29,16,feb90271
1195665000,29,17,017ffdf5
1195675000,29,18,fde3024c
1195685000,29,19,00b7fea4
1195695000,29,20,00beff33
1195705000,29,21,fdda01d5
1195715000,29,22,020bfe38
1195725000,29,23,00e101e0
1195735000,29,24,ffa7fd7d
1195745000,29,25,ff870182
1195755000,29,26,ff370006
1195765000,29,27,00f7007f
1195775000,29,28,fffafe2d
1195785000,29,29,fdc502a9
1195795000,29,30,0358fe54
1195805000,29,31,fe120046
1200885000,30,0,0074ffc5
1200895000,30,1,00410097
1200905000,30,2,003e008a
1200915000,30,3,fe80006a
1200925000,30,4,0079001e
1200935000,30,5,0254fe88
1200945000,30,6,fe7201c8
1200955000,30,7,ff44fe6d
1200965000,30,8,01afffdf
1200975000,30,9,fe2b00fc
1200985000,30,10,01a9ff6a
1200995000,30,11,ff46007d
1201005000,30,12,ff7b0032
1201015000,30,13,00c7fdac
1201025000,30,14,ff9602dd
1201035000,30,15,0126fcda
1201045000,30,16,ff2402f5
1201055000,30,17,0007fedd
1201065000,30,18,fef00000
1201075000,30,19,0088005a
1201085000,30,20,0019fe1e
1201095000,30,21,ff000208
1201105000,30,22,011eff96
1201115000,30,23,00c000f1
1201125000,30,24,ff45fd2b
1201135000,30,25,ff19038c
1201145000,30,26,009dfe54
1201155000,30,27,00fe0013
1201165000,30,28,fee7005e
1201175000,30,29,0039ff78
1201185000,30,30,004600fd
1201195000,30,31,ff4afeb4
1206275000,31,0,005efeb2
1206285000,31,1,00010165
1206295000,31,2,ff88fea0
1206305000,31,3,ffa1006f
1206315000,31,4,011b00cd
1206325000,31,5,0006003c
1206335000,31,6,fe39fec3
1206345000,31,7,02c90287
1206355000,31,8,fe59fd86
1206365000,31,9,00420041
1206375000,31,10,ff160034
1206385000,31,11,00880101
1206395000,31,12,00a2fee2
1206405000,31,13,0142ff2d
1206415000,31,14,fd8a0227
1206425000,31,15,02c5fef1
1206435000,31,16,fd96ff5c
1206445000,31,17,00950001
1206455000,31,18,009e014e
1206465000,31,19,fd67fedf
1206475000,31,20,0315ff8f
1206485000,31,21,fdfe0198
1206495000,31,22,022bff1d
1206505000,31,23,fd9f0077
1206515000,31,24,0187ff74
1206525000,31,25,ffc8ff05
1206535000,31,26,ffdc0272
1206545000,31,27,0134fdc9
1206555000,31,28,fe22014a
1206565000,31,29,fff2ff43
1206575000,31,30,009200a5
1206585000,31,31,ffd70039
1211665000,32,0,ffb2ffeb
1211675000,32,1,010aff86
1211685000,32,2,0080007f
1211695000,32,3,ffb90059
1211705000,32,4,fe3dff28
1211715000,32,5,02e3010d
1211725000,32,6,fd3cffc0
1211735000,32,7,012dffdb
1211745000,32,8,ff57ff23
1211755000,32,9,00c50149
1211765000,32,10,ffc6fe09
1211775000,32,11,fe4804b0
1211785000,32,12,02f1fcb5
1211795000,32,13,fde1fe80
1211805000,32,14,011f0254
1211815000,32,15,0095ff0e
1211825000,32,16,ff22002d
1211835000,32,17,ff8800be
1211845000,32,18,000cffd9
1211855000,32,19,00f3002d
1211865000,32,20,ff4700ce
1211875000,32,21,ff0dfd63
1211885000,32,22,021a0180
1211895000,32,23,fd35ff07
1211905000,32,24,058102c9
1211915000,32,25,fb95fe77
1211925000,32,26,01aefebb
1211935000,32,27,ff5c0116
1211945000,32,28,00b7ffd1
1211955000,32,29,fee3ff1c
1211965000,32,30,01430120
1211975000,32,31,fe89ff64
1217055000,33,0,027aff8d
1217065000,33,1,ffb30119
1217075000,33,2,ff64fe3c
1217085000,33,3,00af02f7
1217095000,33,4,ff11fdff
1217105000,33,5,0212ff88
1217115000,33,6,fd6a00bd
1217125000,33,7,018000f7
1217135000,33,8,ff18feaf
1217145000,33,9,003c0108
1217155000,33,10,013ffebe
1217165000,33,11,fe08014b
1217175000,33,12,016eff25
1217185000,33,13,ff15fee0
1217195000,33,14,00f40166
1217205000,33,15,ffd9ff36
1217215000,33,16,feb60223
1217225000,33,17,0151fed9
1217235000,33,18,fe4cffce
1217245000,33,19,0199ffb5
1217255000,33,20,fec70133
1217265000,33,21,011afe70
1217275000,33,22,008600f9
1217285000,33,23,ffdcfec1
1217295000,33,24,fefc0251
1217305000,33,25,ffa8fede
1217315000,33,26,015dff90
1217325000,33,27,00180141
1217335000,33,28,ff16fee9
1217345000,33,29,00bf0028
1217355000,33,30,01b0ffcc
1217365000,33,31,fbfbffd2
1222445000,34,0,0041fe20
1222455000,34,1,0157002b
1222465000,34,2,fee2021a
1222475000,34,3,ff98fe40
1222485000,34,4,ff7b0036
1222495000,34,5,02010158
1222505000,34,6,fe35ff1b
1222515000,34,7,01b10093
1222525000,34,8,fe26fe70
1222535000,34,9,01850191
1222545000,34,10,ffb4fef0
1222555000,34,11,fe3c006c
1222565000,34,12,027c0006
1222575000,34,13,fe21ff19
1222585000,34,14,000b00c9
1222595000,34,15,023500f7
1222605000,34,16,fce1feb2
1222615000,34,17,0329009b
1222625000,34,18,fc8600b0
1222635000,34,19,0248ff2c
1222645000,34,20,fff50058
1222655000,34,21,fe47fefc
1222665000,34,22,01cd00d5
1222675000,34,23,fe61ffef
1222685000,34,24,036401be
1222695000,34,25,fd8ffe19
1222705000,34,26,0088000e
1222715000,34,27,fef80088
1222725000,34,28,0218ffb4
1222735000,34,29,fd93ff8b
1222745000,34,30,02ff0117
1222755000,34,31,fdb5ffdf
1227835000,35,0,007a0043
1227845000,35,1,0100ffd7
1227855000,35,2,ff3d00c9
1227865000,35,3,0061ff97
1227875000,35,4,fddcffbe
1227885000,35,5,05420195
1227895000,35,6,fb18ffeb
1227905000,35,7,0274fdd3
1227915000,35,8,fe2b0227
1227925000,35,9,01d5fe96
1227935000,35,10,fefb0014
1227945000,35,11,ff4f006e
1227955000,35,12,013dff04
1227965000,35,13,ff550048
1227975000,35,14,007b00fc
1227985000,35,15,0042004d
1227995000,35,16,ffa8ff19
1228005000,35,17,ff800097
1228015000,35,18,000fff9f
1228025000,35,19,ffbbffe9
1228035000,35,20,0052ff80
1228045000,35,21,ffd6007b
1228055000,35,22,00ec00f9
1228065000,35,23,fe78ff09
1228075000,35,24,020b0129
1228085000,35,25,fea7ff80
1228095000,35,26,00b9fdc4
1228105000,35,27,ff650352
1228115000,35,28,00edfdfa
1228125000,35,29,feff014c
1228135000,35,30,01e1ffd8
1228145000,35,31,fd8afe8f
1233225000,36,0,00d200bb
1233235000,36,1,00e0ffb6
1233245000,36,2,fed9ff13
1233255000,36,3,017a00eb
1233265000,36,4,fd6000df
1233275000,36,5,044dfe8c
1233285000,36,6,fc5d016d
1233295000,36,7,00aeff70
1233305000,36,8,0008ff5f
1233315000,36,9,002700ee
1233325000,36,10,ffb7fe57
1233335000,36,11,00a9032a
1233345000,36,12,000cfc41
1233355000,36,13,ff55017a
1233365000,36,14,00ba007d
1233375000,36,15,ffc2ffd5
1233385000,36,16,0030006f
1233395000,36,17,ff46fefc
1233405000,36,18,004b011b
1233415000,36,19,ff34ff89
1233425000,36,20,00fcff3b
1233435000,36,21,ff930016
1233445000,36,22,00210201
1233455000,36,23,fec8fdf0
1233465000,36,24,04020297
1233475000,36,25,fd5bfdd0
1233485000,36,26,ff79004f
1233495000,36,27,010dff36
1233505000,36,28,00240055
1233515000,36,29,ff43014c
1233525000,36,30,00fcffc1
1233535000,36,31,fe24fecf
1238615000,37,0,fe88ffdb
1238625000,37,1,00ab00d8
1238635000,37,2,0099ff0b
1238645000,37,3,ff6c0114
1238655000,37,4,ff33005e
1238665000,37,5,0283ff76
1238675000,37,6,fdebff48
1238685000,37,7,012700d0
1238695000,37,8,ff2fff07
1238705000,37,9,ffb9015c
1238715000,37,10,0063fe9a
1238725000,37,11,ff5d01a2
1238735000,37,12,0149fe4b
1238745000,37,13,ff95fff7
1238755000,37,14,005b014a
1238765000,37,15,ffeaff3f
1238775000,37,16,ff10ff8f
1238785000,37,17,01350198
1238795000,37,18,fd99ff0b
1238805000,37,19,0194001e
1238815000,37,20,ffef0010
1238825000,37,21,004dfe6a
1238835000,37,22,ff950198
1238845000,37,23,ff610006
1238855000,37,24,029d01bb
1238865000,37,25,fc9bfd0c
1238875000,37,26,02a30140
1238885000,37,27,ff6700e8
1238895000,37,28,ffb9ff4b
1238905000,37,29,fff7fde1
1238915000,37,30,ffb50306
1238925000,37,31,00eafe4f
1244005000,38,0,fd7b0068
1244015000,38,1,0278fdf8
1244025000,38,2,ff7a02e4
1244035000,38,3,0083fd7a
1244045000,38,4,fe9b02d5
1244055000,38,5,01bafea5
1244065000,38,6,ff290027
1244075000,38,7,ffe3ff37
1244085000,38,8,ff1300b7
1244095000,38,9,03000051
1244105000,38,10,fdc7ff0a
1244115000,38,11,fe4800db
1244125000,38,12,036aff40
1244135000,38,13,fd0b003a
1244145000,38,14,02a1ffaa
1244155000,38,15,feca0187
1244165000,38,16,0037fe12
1244175000,38,17,01200158
1244185000,38,18,fe02ffca
1244195000,38,19,005700d4
1244205000,38,20,ffbbfe0f
1244215000,38,21,003c0157
1244225000,38,22,0149ff11
1244235000,38,23,fed90085
1244245000,38,24,00cf00c3
1244255000,38,25,ff88feb3
1244265000,38,26,00350030
1244275000,38,27,003e01a7
1244285000,38,28,ffccff28
1244295000,38,29,ffcfff8e
1244305000,38,30,00f5ff06
1244315000,38,31,ff8a00c5
1249395000,39,0,0099ff5e
1249405000,39,1,fe0a00ca
1249415000,39,2,028ffe94
1249425000,39,3,fe8002b2
1249435000,39,4,ff2afdc6
1249445000,39,5,02a70104
1249455000,39,6,fdeaffbb
1249465000,39,7,00a8ffcd
1249475000,39,8,ff1d0000
1249485000,39,9,003e00a2
1249495000,39,10,017afecc
1249505000,39,11,ff8702a2
1249515000,39,12,ff72fe2f
1249525000,39,13,0071feae
1249535000,39,14,ff76001c
1249545000,39,15,009601f1
1249555000,39,16,ffadfdb8
1249565000,39,17,ffc6018e
1249575000,39,18,ffb5fffe
1249585000,39,19,002e00f0
1249595000,39,20,0090fec0
1249605000,39,21,fe83ff22
1249615000,39,22,00ec029f
1249625000,39,23,00ecfcd1
1249635000,39,24,ffb502ce
1249645000,39,25,ff86fe32
1249655000,39,26,ffca00f2
1249665000,39,27,0123ff18
1249675000,39,28,fe4c01bf
1249685000,39,29,0171fdf8
1249695000,39,30,fecc0182
1249705000,39,31,00aeff7d
1254785000,40,0,ff67fff8
1254795000,40,1,010200d4
1254805000,40,2,ffbffef9
1254815000,40,3,ffaeffd0
1254825000,40,4,fd570223
1254835000,40,5,0642fe84
1254845000,40,6,fade0115
1254855000,40,7,0124fe8e
1254865000,40,8,01d9005f
1254875000,40,9,fdee0130
1254885000,40,10,0104fd5c
1254895000,40,11,fe8e02b0
1254905000,40,12,02b2fe02
1254915000,40,13,fc9f00f1
1254925000,40,14,0231ff85
1254935000,40,15,ff850076
1254945000,40,16,00cdffb4
1254955000,40,17,fee400fc
1254965000,40,18,ffcfffe5
1254975000,40,19,ffdefeea
1254985000,40,20,009b0039
1254995000,40,21,ffc4006e
1255005000,40,22,ffd0ff4b
1255015000,40,23,ff360054
1255025000,40,24,038f0255
1255035000,40,25,fd0cfddc
1255045000,40,26,003e004e
1255055000,40,27,00eeff62
1255065000,40,28,fee8008a
1255075000,40,29,0163ffe1
1255085000,40,30,ff4900fb
1255095000,40,31,0011fe8c
1260175000,41,0,0192fdf2
1260185000,41,1,feb3014b
1260195000,41,2,009eff41
1260205000,41,3,001c0022
1260215000,41,4,fffc00a8
1260225000,41,5,ff420098
1260235000,41,6,010dff76
1260245000,41,7,ff84ff93
1260255000,41,8,ffeeff9a
1260265000,41,9,fff800c8
1260275000,41,10,0095002b
1260285000,41,11,fd93009c
1260295000,41,12,031cfed2
1260305000,41,13,fff8ff56
1260315000,41,14,fd430112
1260325000,41,15,03a6ff28
1260335000,41,16,fd720082
1260345000,41,17,02c5ffa9
1260355000,41,18,fb380129
1260365000,41,19,02220016
1260375000,41,20,0128fe84
1260385000,41,21,fdfa004a
1260395000,41,22,01bf00e4
1260405000,41,23,ff7cffd9
1260415000,41,24,008eff62
1260425000,41,25,0070ffc4
1260435000,41,26,ff6100e3
1260445000,41,27,fedffee4
1260455000,41,28,021000fa
1260465000,41,29,fd7c0050
1260475000,41,30,01c5fef4
1260485000,41,31,feaa016c
1265565000,42,0,0307fe62
1265575000,42,1,fd7f00cb
1265585000,42,2,0063fec5
1265595000,42,3,015d0269
1265605000,42,4,fd98fe97
1265615000,42,5,01f001c8
1265625000,42,6,00aeff46
1265635000,42,7,fe4cff0e
1265645000,42,8,00e30048
1265655000,42,9,ff0f002d
1265665000,42,10,0263ff01
1265675000,42,11,fdf30208
1265685000,42,12,ffbafeb1
1265695000,42,13,00faff19
1265705000,42,14,ff9d0124
1265715000,42,15,004dff40
1265725000,42,16,ff0d00ce
1265735000,42,17,01df001f
1265745000,42,18,fe3bff0d
1265755000,42,19,00fb0181
1265765000,42,20,fee2ff79
1265775000,42,21,002afe66
1265785000,42,22,017a0222
1265795000,42,23,fdeefda0
1265805000,42,24,0069039c
1265815000,42,25,025ffc45
1265825000,42,26,fda30225
1265835000,42,27,0091feee
1265845000,42,28,00ac0173
1265855000,42,29,ffa0ffe5
1265865000,42,30,0037ff04
1265875000,42,31,fe3d00da
1270955000,43,0,02b801f4
1270965000,43,1,fe18005d
1270975000,43,2,018bffb1
1270985000,43,3,fef30009
1270995000,43,4,fecc0000
1271005000,43,5,02dd0136
1271015000,43,6,ff47fef4
1271025000,43,7,fe320044
1271035000,43,8,01640012
1271045000,43,9,ffefffd9
1271055000,43,10,0051ffd4
1271065000,43,11,ff700097
1271075000,43,12,ff7ffe3f
1271085000,43,13,01d5004a
1271095000,43,14,fe060209
1271105000,43,15,021cfe73
1271115000,43,16,fe8e011e
1271125000,43,17,003c004b
1271135000,43,18,fe7ffdb9
1271145000,43,19,026901f5
1271155000,43,20,fe46fe40
1271165000,43,21,006f01ca
1271175000,43,22,011ffee2
1271185000,43,23,ff7a0100
1271195000,43,24,ffceff18
1271205000,43,25,00590013
1271215000,43,26,fef90032
1271225000,43,27,00240097
1271235000,43,28,0137ff8d
1271245000,43,29,feb3ffc2
1271255000,43,30,028001c9
1271265000,43,31,fc58fc1d
1276345000,44,0,01970098
1276355000,44,1,006fffe7
1276365000,44,2,fee4002e
1276375000,44,3,006bff4e
1276385000,44,4,fe4b01a8
1276395000,44,5,0419fe37
1276405000,44,6,fd3a013f
1276415000,44,7,0054ffd2
1276425000,44,8,0062ffce
1276435000,44,9,ff5600ba
1276445000,44,10,008efd5f
1276455000,44,11,0061058e
1276465000,44,12,ff24f9ba
1276475000,44,13,00c701ff
1276485000,44,14,ffcc00de
1276495000,44,15,006fff14
1276505000,44,16,002b0142
1276515000,44,17,006fff3b
1276525000,44,18,fd84ff62
1276535000,44,19,00b700ac
1276545000,44,20,011dff30
1276555000,44,21,fec30029
1276565000,44,22,00940219
1276575000,44,23,fef6fd70
1276585000,44,24,03600204
1276595000,44,25,fd5cfe78
1276605000,44,26,00ca0031
1276615000,44,27,ff350044
1276625000,44,28,0108ffea
1276635000,44,29,fe85ffb5
1276645000,44,30,015e0162
1276655000,44,31,fe07fe96
1281735000,45,0,008000ec
1281745000,45,1,016b001c
1281755000,45,2,ff74fef4
1281765000,45,3,ffb70165
1281775000,45,4,fe3bfed8
1281785000,45,5,02750175
1281795000,45,6,ffc3fff1
1281805000,45,7,fe80feb9
1281815000,45,8,00ef009d
1281825000,45,9,008a0025
1281835000,45,10,ff2cfeb0
1281845000,45,11,00d50293
1281855000,45,12,fdbbfe6a
1281865000,45,13,0334ff61
1281875000,45,14,fde0008d
1281885000,45,15,024d002a
1281895000,45,16,febafff6
1281905000,45,17,fff9ff32
1281915000,45,18,fe9a01c6
1281925000,45,19,003ffef1
1281935000,45,20,010bff54
1281945000,45,21,fecb00f7
1281955000,45,22,01a9001d
1281965000,45,23,fe7afeb3
1281975000,45,24,02370135
1281985000,45,25,fe6e0199
1281995000,45,26,0112fc76
1282005000,45,27,fe490223
1282015000,45,28,0177fff6
1282025000,45,29,ff20fe9f
1282035000,45,30,002001f5
1282045000,45,31,ff25fe36
1287125000,46,0,ff40015d
1287135000,46,1,00a1ff17
1287145000,46,2,ffd200e0
1287155000,46,3,ff9cffc5
1287165000,46,4,0037fff9
1287175000,46,5,013f0044
1287185000,46,6,ff1a00bf
1287195000,46,7,fe09fec0
1287205000,46,8,034afff8
1287215000,46,9,ffd7013c
1287225000,46,10,fe09fd7a
1287235000,46,11,00950364
1287245000,46,12,002efcad
1287255000,46,13,ff93010d
1287265000,46,14,fff500a0
1287275000,46,15,0110ff93
1287285000,46,16,fff2006b
1287295000,46,17,0079ff71
1287305000,46,18,fe240080
1287315000,46,19,00ae000d
1287325000,46,20,ff5ffef1
1287335000,46,21,ff5100c6
1287345000,46,22,0196ffe9
1287355000,46,23,ffd7009a
1287365000,46,24,00b8ff60
1287375000,46,25,febf0058
1287385000,46,26,0051fffa
1287395000,46,27,00e1001e
1287405000,46,28,ff200109
1287415000,46,29,0035fcc5
1287425000,46,30,ffa303c4
1287435000,46,31,0098fd27
1292515000,47,0,017900e5
1292525000,47,1,0027fe6a
1292535000,47,2,ffdd0221
1292545000,47,3,00ebfead
1292555000,47,4,fde9ff7f
1292565000,47,5,016801e6
1292575000,47,6,feaafe43
1292585000,47,7,01510058
1292595000,47,8,fef6fff0
1292605000,47,9,0063021f
1292615000,47,10,00d3fcec
1292625000,47,11,fea9018c
1292635000,47,12,00c4ff42
1292645000,47,13,009e0117
1292655000,47,14,ff41fde0
1292665000,47,15,009b02b2
1292675000,47,16,fd8bfe63
1292685000,47,17,0301ff02
1292695000,47,18,fd330265
1292705000,47,19,01edffd3
1292715000,47,20,ffab0023
1292725000,47,21,ff88fe8a
1292735000,47,22,017c009f
1292745000,47,23,fe13ffb4
1292755000,47,24,00d60150
1292765000,47,25,0091fe05
1292775000,47,26,005d0146
1292785000,47,27,ff1f0078
1292795000,47,28,0110fff4
1292805000,47,29,fe16ff61
1292815000,47,30,0221ff46
1292825000,47,31,fda10026
1297905000,48,0,000f012b
1297915000,48,1,ff50ff11
1297925000,48,2,00d1ffff
1297935000,48,3,ff3c00cf
1297945000,48,4,feccfef0
1297955000,48,5,03c10269
1297965000,48,6,fd24fe6b
1297975000,48,7,010cffc6
1297985000,48,8,ff2effff
1297995000,48,9,0005008a
1298005000,48,10,00f5fed5
1298015000,48,11,ff8403c7
1298025000,48,12,0095fc46
1298035000,48,13,fefe002b
1298045000,48,14,012200d7
1298055000,48,15,007dfe82
1298065000,48,16,fe39017b
1298075000,48,17,022800b7
1298085000,48,18,fddbfe2d
1298095000,48,19,ffe60091
1298105000,48,20,00cc0142
1298115000,48,21,ffd1feab
1298125000,48,22,006c0095
1298135000,48,23,fdc2fe72
1298145000,48,24,056e0257
1298155000,48,25,fc33ff52
1298165000,48,26,002bfe5f
1298175000,48,27,ffbe00b5
1298185000,48,28,00a70164
1298195000,48,29,ffd0ff05
1298205000,48,30,ff3a0051
1298215000,48,31,00d1ff22
1303295000,49,0,ffcb0085
1303305000,49,1,0154014e
1303315000,49,2,ff14fe8b
1303325000,49,3,018d01d8
1303335000,49,4,fda0ff40
1303345000,49,5,0417ffe0
1303355000,49,6,fb3b0055
1303365000,49,7,0207ff36
1303375000,49,8,0086fffd
1303385000,49,9,ff62004a
1303395000,49,10,fff8ffe1
1303405000,49,11,ffc600ad
1303415000,49,12,013ffedc
1303425000,49,13,fe6aff5a
1303435000,49,14,001002e0
1303445000,49,15,012cfdbc
1303455000,49,16,ffcf002d
1303465000,49,17,ffee007c
1303475000,49,18,ff32002d
1303485000,49,19,ff2f00ec
1303495000,49,20,013cfe1c
1303505000,49,21,ff4900ba
1303515000,49,22,0161ffb7
1303525000,49,23,feaffff2
1303535000,49,24,01a00205
1303545000,49,25,fe8cfdf0
1303555000,49,26,00aa00a7
1303565000,49,27,0002010f
1303575000,49,28,ffddff74
1303585000,49,29,005efe48
1303595000,49,30,00d40214
1303605000,49,31,fe22fdbc
1308685000,50,0,00c900dd
1308695000,50,1,ff8cff56
1308705000,50,2,01db0106
1308715000,50,3,fdf2fe8a
1308725000,50,4,0040016f
1308735000,50,5,0306001e
1308745000,50,6,fbd1feb7
1308755000,50,7,01eb006e
1308765000,50,8,ff6dffd6
1308775000,50,9,00bf0161
1308785000,50,10,fee3fe3d
1308795000,50,11,00460117
1308805000,50,12,0167febd
1308815000,50,13,fe970125
1308825000,50,14,00bfff57
1308835000,50,15,ff6f013e
1308845000,50,16,0153fde5
1308855000,50,17,fe8a0198
1308865000,50,18,ff59ff70
1308875000,50,19,00ae0112
1308885000,50,20,fe8efef9
1308895000,50,21,02d6ff56
1308905000,50,22,fea10215
1308915000,50,23,fff1fe0c
1308925000,50,24,01df02b0
1308935000,50,25,fe2bfcd1
1308945000,50,26,004501d5
1308955000,50,27,002eff7d
1308965000,50,28,ff7300ab
1308975000,50,29,00d5fec7
1308985000,50,30,00f300dd
1308995000,50,31,fdc9fef8
1314075000,51,0,0109fe30
1314085000,51,1,00eb0275
1314095000,51,2,ff08fe60
1314105000,51,3,009b0122
1314115000,51,4,fde2ffa4
1314125000,51,5,0419000c
1314135000,51,6,fd6b0081
1314145000,51,7,00a4fe68
1314155000,51,8,ff6201d4
1314165000,51,9,0032ff64
1314175000,51,10,ffb9fea9
1314185000,51,11,00c30247
1314195000,51,12,ff8afe07
1314205000,51,13,0057ffd3
1314215000,51,14,000600c4
1314225000,51,15,00a70088
1314235000,51,16,fdf9ff5a
1314245000,51,17,00ff010d
1314255000,51,18,ffacff30
1314265000,51,19,0057008e
1314275000,51,20,006efe78
1314285000,51,21,fe9300c4
1314295000,51,22,02b700bf
1314305000,51,23,fce2fdae
1314315000,51,24,01ac048e
1314325000,51,25,ff5cfc86
1314335000,51,26,013b017b
1314345000,51,27,ff2fff45
1314355000,51,28,fff60091
1314365000,51,29,0085fec9
1314375000,51,30,00e000e8
1314385000,51,31,fd5f000e
1319465000,52,0,0174002c
1319475000,52,1,fea7010a
1319485000,52,2,0043fef3
1319495000,52,3,01990122
1319505000,52,4,fd0dffff
1319515000,52,5,035bfe61
1319525000,52,6,fd27019b
1319535000,52,7,0159000b
1319545000,52,8,fffaff19
1319555000,52,9,ffb0013f
1319565000,52,10,ffccfe0c
1319575000,52,11,010a0348
1319585000,52,12,fecefb2c
1319595000,52,13,00c102bb
1319605000,52,14,fff0fff0
1319615000,52,15,0047fedb
1319625000,52,16,008202b6
1319635000,52,17,0007fe32
1319645000,52,18,fd39ff97
1319655000,52,19,0101ffa6
1319665000,52,20,006f0175
1319675000,52,21,004dfeaf
1319685000,52,22,001d010d
1319695000,52,23,fef5ffa9
1319705000,52,24,034c00e1
1319715000,52,25,fd4afe6d
1319725000,52,26,000c00e2
1319735000,52,27,00000018
1319745000,52,28,013aff24
1319755000,52,29,feb7013d
1319765000,52,30,fff8ffc0
1319775000,52,31,ffbffee9
1324855000,53,0,00760200
1324865000,53,1,00cdfda0
1324875000,53,2,ff2c0149
1324885000,53,3,007eff94
1324895000,53,4,fe8001da
1324905000,53,5,022bfdaa
1324915000,53,6,fe9d0123
1324925000,53,7,ff7bffa1
1324935000,53,8,018cff55
1324945000,53,9,fef701a1
1324955000,53,10,0008fe95
1324965000,53,11,008f0325
1324975000,53,12,00b0fb61
1324985000,53,13,fee2024e
1324995000,53,14,012affe5
1325005000,53,15,ff16fe6b
1325015000,53,16,007c0166
1325025000,53,17,feef00a0
1325035000,53,18,ffd0ff17
1325045000,53,19,00f80078
1325055000,53,20,fffc000c
1325065000,53,21,fef5fec8
1325075000,53,22,01a900a9
1325085000,53,23,ff110127
1325095000,53,24,fffaff51
1325105000,53,25,00f1ff07
1325115000,53,26,fea800ab
1325125000,53,27,01ef00a3
1325135000,53,28,fd7c0005
1325145000,53,29,014afe48
1325155000,53,30,ffb40177
1325165000,53,31,ff8afee9
1330245000,54,0,0167fe6f
1330255000,54,1,fff3ffc8
1330265000,54,2,fffbff97
1330275000,54,3,00bc00f7
1330285000,54,4,fec4004e
1330295000,54,5,01adff4a
1330305000,54,6,fe8901d3
1330315000,54,7,00d9fd59
1330325000,54,8,feb0014f
1330335000,54,9,011e0067
1330345000,54,10,ff84fdb3
1330355000,54,11,ff7c0353
1330365000,54,12,00a2fd35
1330375000,54,13,010301fb
1330385000,54,14,fefcff7f
1330395000,54,15,0033ff67
1330405000,54,16,00850097
1330415000,54,17,fe57ff08
1330425000,54,18,009f0205
1330435000,54,19,0058ff25
1330445000,54,20,0078ff38
1330455000,54,21,feaffff2
1330465000,54,22,024b0113
1330475000,54,23,fdb1fe33
1330485000,54,24,01c80373
1330495000,54,25,fe6cfd65
1330505000,54,26,01e20049
1330515000,54,27,ff1c0085
1330525000,54,28,ff760005
1330535000,54,29,01bdfef5
1330545000,54,30,fff8ff1b
1330555000,54,31,fd2702b1
1335635000,55,0,fe00ff68
1335645000,55,1,020b00da
1335655000,55,2,fe73ffb2
1335665000,55,3,007d008e
1335675000,55,4,ff62000f
1335685000,55,5,00c0003a
1335695000,55,6,003bff03
1335705000,55,7,ff1d0121
1335715000,55,8,0049ff95
1335725000,55,9,00eafeac
1335735000,55,10,fe66006b
1335745000,55,11,02320281
1335755000,55,12,fe42fcc7
1335765000,55,13,007702b9
1335775000,55,14,ffdefba6
1335785000,55,15,01730442
1335795000,55,16,fd76fd66
1335805000,55,17,019d00be
1335815000,55,18,feb101c0
1335825000,55,19,001ffefe
1335835000,55,20,002aff75
1335845000,55,21,ffecfffc
1335855000,55,22,01350099
1335865000,55,23,ff5dfee3
1335875000,55,24,0089019d
1335885000,55,25,ff2afeb8
1335895000,55,26,ffee0263
1335905000,55,27,006efd2b
1335915000,55,28,005a018d
1335925000,55,29,fe61fe8d
1335935000,55,30,012a02d6
1335945000,55,31,0137fdda
1341025000,56,0,ff32005a
1341035000,56,1,014c0110
1341045000,56,2,fe0cff1d
1341055000,56,3,021c004f
1341065000,56,4,fd49ff72
1341075000,56,5,03bd0185
1341085000,56,6,fdf6ff8a
1341095000,56,7,ff7bffd5
1341105000,56,8,0148ffe7
1341115000,56,9,ff5fffab
1341125000,56,10,fe84ff18
1341135000,56,11,02b003bf
1341145000,56,12,fe95fbc5
1341155000,56,13,00c801f4
1341165000,56,14,ff76ff7d
1341175000,56,15,fff100c4
1341185000,56,16,0152ffa4
1341195000,56,17,feea0018
1341205000,56,18,ff8aff45
1341215000,56,19,009a0007
1341225000,56,20,ff3700d6
1341235000,56,21,00c3febb
1341245000,56,22,fefc0224
1341255000,56,23,00b3fd55
1341265000,56,24,01f001f3
1341275000,56,25,ff1b0031
1341285000,56,26,fea2fe4e
1341295000,56,27,fffa0107
1341305000,56,28,01afffbb
1341315000,56,29,fcf8ff68
1341325000,56,30,034c015d
1341335000,56,31,fea1fe66
1346415000,57,0,010d00ef
1346425000,57,1,fffffeed
1346435000,57,2,fe7a0005
1346445000,57,3,03ca0043
1346455000,57,4,fce50062
1346465000,57,5,007d000c
1346475000,57,6,ff33ff97
1346485000,57,7,023901d0
1346495000,57,8,fe5afd37
1346505000,57,9,00b60284
1346515000,57,10,ffeefe0b
1346525000,57,11,ffac021b
1346535000,57,12,ff87fcde
1346545000,57,13,006c0177
1346555000,57,14,006c0184
1346565000,57,15,001cfe66
1346575000,57,16,00590191
1346585000,57,17,ff89ff01
1346595000,57,18,ffeafffd
1346605000,57,19,0076005f
1346615000,57,20,fe07ff2e
1346625000,57,21,0181ff0a
1346635000,57,22,00d902cb
1346645000,57,23,fe9dfe34
1346655000,57,24,01d0011d
1346665000,57,25,fe6afed2
1346675000,57,26,017e00cf
1346685000,57,27,fee0ffc3
1346695000,57,28,0015fea6
1346705000,57,29,ffee024f
1346715000,57,30,01c0fd96
1346725000,57,31,fd2200b6
1351805000,58,0,005700ba
1351815000,58,1,010c0030
1351825000,58,2,ff4bfefd
1351835000,58,3,ff73ff70
1351845000,58,4,fea101f3
1351855000,58,5,03030012
1351865000,58,6,fdd4ffd8
1351875000,58,7,00a60022
1351885000,58,8,0183ff9e
1351895000,58,9,fd0200be
1351905000,58,10,0355fd41
1351915000,58,11,fd3a0421
1351925000,58,12,0198fcce
1351935000,58,13,005aff80
1351945000,58,14,ff3b014a
1351955000,58,15,01a200d3
1351965000,58,16,fd0fffbc
1351975000,58,17,01860018
1351985000,58,18,ffbdfe6b
1351995000,58,19,ffad0220
1352005000,58,20,0071fe6d
1352015000,58,21,00f1ffce
1352025000,58,22,fed80072
1352035000,58,23,ffbe004c
1352045000,58,24,01830100
1352055000,58,25,fec8fda2
1352065000,58,26,00af016b
1352075000,58,27,ff56ff4b
1352085000,58,28,00520126
1352095000,58,29,ff1eff08
1352105000,58,30,014500f0
1352115000,58,31,fee2feb3
1357195000,59,0,ffac00ce
1357205000,59,1,017bff30
1357215000,59,2,fed70021
1357225000,59,3,00db006a
1357235000,59,4,fd65ffd5
1357245000,59,5,042d0126
1357255000,59,6,fd1affa1
1357265000,59,7,ffbeffaf
1357275000,59,8,01acff99
1357285000,59,9,feb400cb
1357295000,59,10,0054ff12
1357305000,59,11,013b01c7
1357315000,59,12,fe98fd91
1357325000,59,13,00cc010a
1357335000,59,14,feb60011
1357345000,59,15,02b60014
1357355000,59,16,fd38004a
1357365000,59,17,00e9ff22
1357375000,59,18,ffaf0113
1357385000,59,19,005d004e
1357395000,59,20,ffdffe61
1357405000,59,21,fffd00a6
1357415000,59,22,005e0183
1357425000,59,23,ffcafdf3
1357435000,59,24,015801ff
1357445000,59,25,fe34fdc7
1357455000,59,26,01260126
1357465000,59,27,fef1ffb1
1357475000,59,28,00d4ff51
1357485000,59,29,ff1e00c6
1357495000,59,30,01ca0207
1357505000,59,31,fe6efd2a
1362585000,60,0,ffb0002b
1362595000,60,1,016aff4d
1362605000,60,2,000b0175
1362615000,60,3,ff71ff13
1362625000,60,4,fe470211
1362635000,60,5,04dffdbc
1362645000,60,6,fc260263
1362655000,60,7,002bfcf1
1362665000,60,8,0156017d
1362675000,60,9,feceff4b
1362685000,60,10,005eff66
1362695000,60,11,014a03c2
1362705000,60,12,ff08fc4d
1362715000,60,13,001400c7
1362725000,60,14,ffb90077
1362735000,60,15,00bdfe73
1362745000,60,16,ff740247
1362755000,60,17,00fcfec9
1362765000,60,18,fe55febb
1362775000,60,19,ffe9021d
1362785000,60,20,0055fe63
1362795000,60,21,001b013a
1362805000,60,22,0032ff6d
1362815000,60,23,ff170075
1362825000,60,24,02020041
1362835000,60,25,fec4ffd7
1362845000,60,26,00b2fe9a
1362855000,60,27,ff70021a
1362865000,60,28,ff30fdef
1362875000,60,29,00ba022b
1362885000,60,30,00cfff19
1362895000,60,31,fe8dff8b
1367975000,61,0,000d0095
1367985000,61,1,00770029
1367995000,61,2,ff6eff97
1368005000,61,3,01600114
1368015000,61,4,fd9a0109
1368025000,61,5,0380fcc3
1368035000,61,6,fd0002b7
1368045000,61,7,0147fe6f
1368055000,61,8,fefb00f1
1368065000,61,9,0069ff29
1368075000,61,10,00d7ff8a
1368085000,61,11,ff0c0312
1368095000,61,12,0096fcb6
1368105000,61,13,ff740068
1368115000,61,14,0074015c
1368125000,61,15,0097fe5a
1368135000,61,16,ff2700bb
1368145000,61,17,00790061
1368155000,61,18,fefaff8f
1368165000,61,19,00340114
1368175000,61,20,fffcfebd
1368185000,61,21,feda00c7
1368195000,61,22,021affa3
1368205000,61,23,ffab00b7
1368215000,61,24,00d5fedb
1368225000,61,25,febb00b5
1368235000,61,26,003dfff4
1368245000,61,27,005400e6
1368255000,61,28,0000fdd0
1368265000,61,29,feae01de
1368275000,61,30,01f6005e
1368285000,61,31,fec3fe08
1373365000,62,0,fe7fffbf
1373375000,62,1,01a00089
1373385000,62,2,fdc3ff46
1373395000,62,3,029900b4
1373405000,62,4,fdc30082
1373415000,62,5,023dfe7d
1373425000,62,6,fe24020a
1373435000,62,7,0089fddd
1373445000,62,8,00fe009d
1373455000,62,9,ff8f01d0
1373465000,62,10,0091fd3a
1373475000,62,11,fd9c0237
1373485000,62,12,018afdcb
1373495000,62,13,ff8e014f
1373505000,62,14,ff130093
1373515000,62,15,0188ff02
1373525000,62,16,00e1ff77
1373535000,62,17,ff5e012f
1373545000,62,18,fe6dff74
1373555000,62,19,01b501ea
1373565000,62,20,fe63fc8e
1373575000,62,21,ff4102d5
1373585000,62,22,02aeff0a
1373595000,62,23,ff0f0083
1373605000,62,24,ff52ff2d
1373615000,62,25,007f005c
1373625000,62,26,00530070
1373635000,62,27,004effc3
1373645000,62,28,ff68ffed
1373655000,62,29,0160ff43
1373665000,62,30,fe1f016d
1373675000,62,31,0150fefe
1378755000,63,0,0038ff3e
1378765000,63,1,005cfff9
1378775000,63,2,0023ff5a
1378785000,63,3,ff5e011f
1378795000,63,4,011eff35
1378805000,63,5,fe910117
1378815000,63,6,00d5ff44
1378825000,63,7,ff4f0020
1378835000,63,8,00a3006f
1378845000,63,9,fef2fefb
1378855000,63,10,0062006f
1378865000,63,11,0020015b
1378875000,63,12,00c6fef4
1378885000,63,13,fff2fe23
1378895000,63,14,ff1403b7
1378905000,63,15,01fefd1d
1378915000,63,16,fc300090
1378925000,63,17,02f8fe81
1378935000,63,18,fef304b0
1378945000,63,19,0006fdb7
1378955000,63,20,00f4ff91
1378965000,63,21,fe0300c5
1378975000,63,22,0221fe6e
1378985000,63,23,fe8d00f8
1378995000,63,24,01050037
1379005000,63,25,0126ff37
1379015000,63,26,fec800d3
1379025000,63,27,ffe8fff7
1379035000,63,28,00b8ffe2
1379045000,63,29,fe3e001d
1379055000,63,30,0206febb
1379065000,63,31,fe9a015b
